{
  "ext/controller/Obj_PurchaseOrder_Page.controller.js.map": 1740634866624,
  "Component.js": 1738212911566,
  "ext/fragment/Vehiclename.js": 1740374722341,
  "ext/fragment/VehicleColor.js": 1740374836191,
  "ext/fragment/TransactionDetails.js": 1738212911566,
  "ext/fragment/TempPrice.js": 1740562578439,
  "ext/fragment/TaxPercentage.js": 1740376665365,
  "ext/fragment/ShippingPoint.js": 1738212911566,
  "ext/fragment/QuotationDetails.js": 1738212911566,
  "ext/fragment/Priceperunit.js": 1740375028579,
  "ext/fragment/PriceDetails.js": 1740378601434,
  "ext/fragment/Plant.js": 1738212911566,
  "ext/fragment/PaymentDetails.js": 1738212911566,
  "ext/fragment/Payment.js": 1738212911566,
  "ext/fragment/Pay.js": 1738212911566,
  "ext/fragment/PartnerRole.js": 1738212911566,
  "ext/fragment/PartnerName.js": 1738212911566,
  "ext/fragment/EnquiryDetails.js": 1738212911566,
  "ext/fragment/Documents.js": 1738212911566,
  "ext/fragment/Document1.js": 1738212911566,
  "ext/fragment/Discount.js": 1740389113679,
  "ext/fragment/Discheck.js": 1740394814032,
  "ext/fragment/DateColumn.js": 1738212911566,
  "ext/fragment/CustomerInformation.js": 1738212911566,
  "ext/fragment/CustomerInformation-po.js": 1738212911566,
  "ext/fragment/Commets1.js": 1738212911566,
  "ext/fragment/Comments.js": 1738212911566,
  "ext/fragment/Columns.js": 1738212911566,
  "ext/fragment/Band.js": 1740375184464,
  "ext/fragment/Actualprice.js": 1740375106859,
  "ext/controller/SyncDeliveryDetails.js": 1738212911566,
  "ext/controller/Sync.js": 1738909334847,
  "ext/controller/SendQuotation.js": 1739510672407,
  "ext/controller/RealseSO.js": 1738212911566,
  "ext/controller/PurchaseEnquiryObjPage.controller.js": 1740553010261,
  "ext/controller/PaymentDetails.js": 1738212911566,
  "ext/controller/Obj_page_sales.controller.js": 1738212911566,
  "ext/controller/Obj_PurchaseOrder_Page.controller.js": 1740119942444,
  "ext/controller/List_page_sales.controller.js": 1738212911566,
  "manifest.json": 1740634866209,
  "ext/fragment/ViewInvoice.js": 1738212911566,
  "ext/fragment/TempPrice-dbg.js": 1740562578439,
  "ext/fragment/TempPrice.js.map": 1740634866528,
  "ext/fragment/Vehiclename-dbg.js": 1740374722341,
  "ext/fragment/Vehiclename.js.map": 1740634866518,
  "ext/fragment/VehicleColor-dbg.js": 1740374836191,
  "ext/fragment/VehicleColor.js.map": 1740634866518,
  "ext/fragment/TransactionDetails-dbg.js": 1738212911566,
  "ext/fragment/TransactionDetails.js.map": 1740634866518,
  "Component-dbg.js": 1738212911566,
  "Component.js.map": 1740634866519,
  "ext/fragment/TaxPercentage-dbg.js": 1740376665365,
  "ext/fragment/TaxPercentage.js.map": 1740634866519,
  "ext/fragment/ShippingPoint-dbg.js": 1738212911566,
  "ext/fragment/ShippingPoint.js.map": 1740634866523,
  "ext/fragment/QuotationDetails-dbg.js": 1738212911566,
  "ext/fragment/QuotationDetails.js.map": 1740634866521,
  "ext/fragment/Priceperunit-dbg.js": 1740375028579,
  "ext/fragment/Priceperunit.js.map": 1740634866521,
  "ext/fragment/PriceDetails-dbg.js": 1740378601434,
  "ext/fragment/PriceDetails.js.map": 1740634866522,
  "ext/fragment/Plant-dbg.js": 1738212911566,
  "ext/fragment/Plant.js.map": 1740634866529,
  "ext/fragment/PaymentDetails-dbg.js": 1738212911566,
  "ext/fragment/PaymentDetails.js.map": 1740634866524,
  "ext/fragment/Payment-dbg.js": 1738212911566,
  "ext/fragment/Payment.js.map": 1740634866525,
  "ext/fragment/Pay-dbg.js": 1738212911566,
  "ext/fragment/Pay.js.map": 1740634866526,
  "ext/fragment/PartnerRole-dbg.js": 1738212911566,
  "ext/fragment/PartnerRole.js.map": 1740634866528,
  "ext/fragment/PartnerName-dbg.js": 1738212911566,
  "ext/fragment/PartnerName.js.map": 1740634866528,
  "ext/fragment/EnquiryDetails-dbg.js": 1738212911566,
  "ext/fragment/EnquiryDetails.js.map": 1740634866543,
  "ext/fragment/Documents-dbg.js": 1738212911566,
  "ext/fragment/Documents.js.map": 1740634866531,
  "ext/fragment/Document1-dbg.js": 1738212911566,
  "ext/fragment/Document1.js.map": 1740634866531,
  "ext/fragment/Discount-dbg.js": 1740389113679,
  "ext/fragment/Discount.js.map": 1740634866595,
  "ext/fragment/Discheck-dbg.js": 1740394814032,
  "ext/fragment/Discheck.js.map": 1740634866591,
  "ext/fragment/DateColumn-dbg.js": 1738212911566,
  "ext/fragment/DateColumn.js.map": 1740634866537,
  "ext/fragment/CustomerInformation-dbg.js": 1738212911566,
  "ext/fragment/CustomerInformation.js.map": 1740634866541,
  "ext/fragment/CustomerInformation-po-dbg.js": 1738212911566,
  "ext/fragment/CustomerInformation-po.js.map": 1740634866593,
  "ext/fragment/Commets1-dbg.js": 1738212911566,
  "ext/fragment/Commets1.js.map": 1740634866545,
  "ext/fragment/Comments-dbg.js": 1738212911566,
  "ext/fragment/Comments.js.map": 1740634866547,
  "ext/fragment/Columns-dbg.js": 1738212911566,
  "ext/fragment/Columns.js.map": 1740634866591,
  "ext/fragment/Band-dbg.js": 1740375184464,
  "ext/fragment/Band.js.map": 1740634866591,
  "ext/fragment/Actualprice-dbg.js": 1740375106859,
  "ext/fragment/Actualprice.js.map": 1740634866592,
  "ext/controller/SyncDeliveryDetails-dbg.js": 1738212911566,
  "ext/controller/SyncDeliveryDetails.js.map": 1740634866595,
  "ext/controller/Sync-dbg.js": 1738909334847,
  "ext/controller/Sync.js.map": 1740634866597,
  "ext/controller/SendQuotation-dbg.js": 1739510672407,
  "ext/controller/SendQuotation.js.map": 1740634866612,
  "ext/controller/RealseSO-dbg.js": 1738212911566,
  "ext/controller/RealseSO.js.map": 1740634866613,
  "ext/controller/PurchaseEnquiryObjPage-dbg.controller.js": 1740553010261,
  "ext/controller/PurchaseEnquiryObjPage.controller.js.map": 1740634866613,
  "ext/controller/PaymentDetails-dbg.js": 1738212911566,
  "ext/controller/PaymentDetails.js.map": 1740634866605,
  "ext/controller/Obj_page_sales-dbg.controller.js": 1738212911566,
  "ext/controller/Obj_page_sales.controller.js.map": 1740634866607,
  "ext/controller/Obj_PurchaseOrder_Page-dbg.controller.js": 1740119942444,
  "i18n/i18n.properties": 1738212911566,
  "ext/controller/List_page_sales-dbg.controller.js": 1738212911566,
  "ext/controller/List_page_sales.controller.js.map": 1740634866617,
  "ext/fragment/ViewInvoice-dbg.js": 1738212911566,
  "ext/fragment/ViewInvoice.js.map": 1740634866615,
  "Component-preload.js": 1740634867000,
  "Component-preload.js.map": 1740634867001,
  "ext/fragment/ViewInvoice.fragment.xml": 1738212911566,
  "ext/fragment/Vehiclename.fragment.xml": 1740374769860,
  "ext/fragment/VehicleColor.fragment.xml": 1740374862359,
  "ext/fragment/TransactionDetails.fragment.xml": 1738212911566,
  "ext/fragment/TotalPrice.fragment.xml": 1740551628636,
  "ext/fragment/TaxPercentage.fragment.xml": 1740376707050,
  "ext/fragment/ShippingPoint.fragment.xml": 1738212911566,
  "ext/fragment/QuotationDetails.fragment.xml": 1740116202253,
  "ext/fragment/Quantity.fragment.xml": 1738212911566,
  "ext/fragment/Priceperunit.fragment.xml": 1740375061539,
  "ext/fragment/PriceDetails.fragment.xml": 1740467366458,
  "ext/fragment/PreferredDeliveryLocation.fragment.xml": 1738212911566,
  "ext/fragment/PreferredDeliveryDate.fragment.xml": 1738212911566,
  "ext/fragment/Plant.fragment.xml": 1740464362834,
  "ext/fragment/PaymentDetails.fragment.xml": 1738212911566,
  "ext/fragment/Payment.fragment.xml": 1738212911566,
  "ext/fragment/Pay.fragment.xml": 1738212911566,
  "ext/fragment/PartnerRole.fragment.xml": 1738212911566,
  "ext/fragment/PartnerNumber.fragment.xml": 1738212911566,
  "ext/fragment/PartnerName.fragment.xml": 1738212911566,
  "ext/fragment/MaterialCode.fragment.xml": 1738212911566,
  "ext/fragment/EnquiryDetails.fragment.xml": 1738212911566,
  "ext/fragment/Documents.fragment.xml": 1738212911566,
  "ext/fragment/Document1.fragment.xml": 1738212911566,
  "ext/fragment/DiscountedPrice.fragment.xml": 1740549120663,
  "ext/fragment/Discount.fragment.xml": 1739783451335,
  "ext/fragment/Discheck.fragment.xml": 1739859363874,
  "ext/fragment/DeliveryLeadTime.fragment.xml": 1738212911566,
  "ext/fragment/DateColumn.fragment.xml": 1738212911566,
  "ext/fragment/CustomerInformation.fragment.xml": 1738212911566,
  "ext/fragment/CustomerInformation-po.fragment.xml": 1738212911566,
  "ext/fragment/Commets1.fragment.xml": 1738216932378,
  "ext/fragment/Comments.fragment.xml": 1738216943862,
  "ext/fragment/Columns.fragment.xml": 1738212911566,
  "ext/fragment/Band.fragment.xml": 1740375204688,
  "ext/fragment/Actualprice.fragment.xml": 1740375130943,
  "css/style.css": 1740460222662,
  "index.html": 1738212911566
}