<core:FragmentDefinition xmlns:core="sap.ui.core" 
    xmlns="sap.m" 
    xmlns:upload="sap.m.upload" 
    xmlns:macros="sap.fe.macros">
	
    <VBox id="_IDGenVBox3" core:require="{ handler: 'sales/ext/fragment/Document1' }">
        <upload:UploadSet id="_IDGenUploadSet123"
            instantUpload="false"
            uploadEnabled="false"
            
            uploadButtonInvisible="true"
            afterItemAdded="handler.onAfterItemAdded"
            afterItemRemoved="handler.onAfterRemoved"
            itemDrop="handler.handleDrop"
            noDataIllustrationType="NoData"
            noDataText="No Files Found"
            noDataDescription="   "
            items="{ path: 'purchaseToFiles', 
                     parameters: { $orderby: 'createdAt desc' }, 
                     templateShareable: false }"
            mode="MultiSelect">
            
            <upload:toolbar>
                <OverflowToolbar id="_IDGenOverflowToolbar123" >
                    <ToolbarSpacer id="_IDGenToolbarSpacer6123"  />
                    <upload:UploadSetToolbarPlaceholder id="_IDGenUploadSetToolbarPlaceholder123" />
                </OverflowToolbar>
            </upload:toolbar>

            <upload:items>
                <upload:UploadSetItem id="_IDGenUploadSetItem123" 
                    fileName="{fileName}"
                    mediaType="{mediaType}"
                    url="{url}"
                    enabledEdit="false"
                    visibleEdit="false"
                    visibleRemove="false"

                    openPressed="handler.onOpenPressed">

                    <upload:attributes>
                        <ObjectAttribute id="_IDGenObjectAttribute1234"
                            title="Uploaded By"
                            text="{createdBy}"
                            active="false"/>
                        <ObjectAttribute id="_IDGenObjectAttribute12"
                            title="Uploaded on"
                            text="{createdAt}"
                            active="false"/>
                        <ObjectAttribute id="_IDGenObjectAttribute123"
                            title="File Size"
                            text="{size}"
                            active="false"/>
                    </upload:attributes>
                </upload:UploadSetItem>
            </upload:items>
        </upload:UploadSet>
    </VBox>
</core:FragmentDefinition>


